id,name,age,language,experience,salary,phone
1,Mauricio,24,css,1,55000,9457
2,Chester,25,django,3,65000,9375
3,Marques,27,django,4,74000,9143
4,Kody,25,html,4,74000,8792
5,Marlon,27,css,4,72000,7441
6,Scott,25,html,2,56000,8762
7,Cristian,28,react,6,85000,9456
8,Justus,27,css,6,91000,8949
9,Emilio,26,react,4,74000,9561
10,Carter,28,html,5,80000,7165
11,Jarred,23,javascript,2,61000,9279
12,Glenn,25,javascript,2,58000,9891
13,Anton,25,javascript,4,75000,8133
14,Jonah,27,html,5,84000,8926
15,Tony,28,javascript,5,82000,7149
16,Daryl,25,vue,3,69000,8504
17,Clayton,26,css,4,74000,7472
18,Gideon,28,javascript,6,91000,9819
19,London,28,react,6,91000,9704
20,Derek,25,vue,3,65000,9423
21,Brett,27,react,4,71000,8135
22,Alex,26,javascript,4,76000,8360
23,Tyrese,26,javascript,3,63000,7832
24,Jacob,27,react,6,89000,8233
25,Issac,25,html,3,62000,7002
26,Keith,27,vue,4,72000,7469
27,Guadalupe,26,django,3,66000,9222
28,Ezequiel,27,vue,6,86000,8503
29,Andrew,27,html,4,70000,7657
30,Jayson,25,javascript,4,70000,8230
31,Israel,26,django,4,74000,8558
32,Jackie,22,javascript,1,51000,8701
33,Austin,26,vue,4,76000,7051
34,Rodrigo,25,react,2,61000,9055
35,Jon,26,vue,3,66000,9060
36,Isiah,24,react,3,65000,8561
37,Roger,23,css,1,54000,7510
38,Prince,28,react,5,83000,9227
39,Porter,24,javascript,1,54000,9342
40,Rolando,24,vue,3,63000,8198
41,Nicolas,26,css,4,70000,7795
42,Teddy,24,react,1,53000,9219
43,Cornelius,25,javascript,4,70000,7695
44,Sebastian,23,react,2,56000,7840
45,Greyson,28,django,5,83000,9225
46,Kyler,24,react,3,63000,9517
47,Gene,23,css,2,56000,8587
48,Gonzalo,24,vue,3,63000,8104
49,Deven,28,vue,5,78000,7947
50,Rudy,24,django,2,60000,9858
51,Francis,28,vue,6,91000,7834
52,Antonio,24,django,3,66000,7668
53,Ernest,26,javascript,3,64000,8477
54,Jax,28,javascript,6,89000,8075
55,Ahmed,28,react,6,85000,9392
56,Pete,26,django,5,79000,7388
57,Jayce,25,html,2,56000,9156
58,Silas,29,django,6,91000,9684
59,Evan,23,django,2,56000,9549
60,Trevon,27,react,6,85000,7598
61,Elisha,29,html,6,89000,7647
62,Samuel,28,html,6,90000,9101
63,Erick,29,javascript,6,86000,7454
64,David,28,html,6,89000,7701
65,Remington,27,vue,6,87000,9959
66,Dale,25,css,2,60000,7527
67,Keven,22,django,1,53000,8855
68,Gordon,27,react,6,91000,9874
69,Nolan,29,html,6,88000,9151
70,Glen,25,css,3,66000,9257
71,Alexis,26,javascript,3,62000,9269
72,Rodney,26,vue,3,68000,7529
73,Guillermo,28,django,5,84000,8859
74,Fred,29,vue,6,85000,8804
75,Alonso,26,javascript,5,84000,8018
76,Solomon,23,react,2,57000,7725
77,Ivan,23,django,2,58000,7219
78,Isaac,29,django,6,90000,9463
79,Malcolm,26,css,4,72000,9100
80,Shea,25,css,4,72000,9728
81,Rex,26,django,4,73000,8829
82,Robbie,23,html,2,60000,9359
83,Jaiden,26,javascript,4,75000,8775
84,Frank,27,html,6,91000,7664
85,Milo,26,html,4,71000,8425
86,Russell,23,html,2,61000,7015
87,Kory,24,css,1,55000,7394
88,Jamal,23,vue,2,57000,9935
89,Chad,25,vue,2,58000,7758
90,Arjun,23,html,2,56000,7822
91,Braeden,23,react,1,51000,7796
92,Rodolfo,25,html,4,72000,7987
93,Derick,24,django,3,64000,7398
94,Declan,27,vue,5,80000,7955
95,Tyler,25,django,4,72000,7563
96,Jonathan,27,html,4,76000,9941
97,Terence,26,html,4,72000,9030
98,Cristopher,24,react,2,57000,7169
99,Kirk,26,css,4,76000,9913
100,Ramon,27,vue,4,74000,7587
101,Anthony,28,vue,5,84000,9654
102,Don,26,react,4,70000,8419
103,Jase,24,django,1,54000,8452
104,Enzo,23,django,2,61000,8423
105,Brenton,23,django,2,58000,9458
106,Ernesto,29,vue,6,91000,8638
107,Bryan,25,css,2,58000,9329
108,Jaime,23,css,1,52000,8824
109,Mark,28,react,6,87000,7309
110,Gino,24,react,2,60000,7007
111,Trey,25,css,2,59000,8694
112,Arthur,24,css,3,66000,8424
113,Jaxson,29,vue,6,86000,9098
114,Roberto,24,javascript,1,52000,7225
115,Jude,27,css,5,84000,8051
116,Deandre,28,vue,6,86000,8832
117,Eric,23,javascript,1,51000,8273
118,Noel,25,react,4,74000,8947
119,Kelvin,27,css,5,81000,8000
120,Irving,26,django,4,73000,8131
121,Lee,28,html,5,80000,9786
122,Aden,26,html,4,72000,8594
123,Joel,24,html,3,65000,7315
124,Benito,27,javascript,4,76000,7031
125,Cason,23,html,1,50000,7650
126,Darion,28,javascript,5,81000,9382
127,Tristan,25,css,4,72000,7956
128,Ricardo,26,react,5,77000,8560
129,Todd,24,html,2,58000,8348
130,Junior,25,vue,3,68000,8136
131,Garry,27,django,5,84000,7295
132,Nehemiah,23,javascript,1,54000,8687
133,Agustin,26,django,3,64000,7755
134,Carlo,27,django,5,82000,8700
135,Jeremiah,27,javascript,4,74000,9373
136,Sherman,26,django,4,76000,8593
137,Donte,24,react,2,57000,7532
138,Owen,27,css,4,71000,7508
139,Isaiah,29,css,6,89000,9309
140,Abraham,26,django,3,65000,7320
141,Dominique,28,javascript,6,91000,7206
142,Taylor,24,html,3,65000,8256
143,Freddy,24,react,2,57000,9565
144,Peyton,23,javascript,2,59000,9512
145,Braylon,27,vue,5,84000,8863
146,Henry,27,css,6,85000,9991
147,Paul,22,react,1,50000,7918
148,Fernando,24,html,1,51000,8187
149,Gary,25,django,2,56000,8323
150,Antony,25,css,3,69000,7040
151,Blake,26,django,3,69000,7506
152,Robin,27,html,4,73000,8970
153,Triston,22,django,1,51000,7833
154,Clint,26,css,4,75000,7963
155,Thaddeus,27,html,4,75000,9531
156,Juan,28,django,6,91000,9097
157,Micheal,26,javascript,3,68000,9502
158,Adam,24,html,2,58000,7319
159,Bernardo,25,vue,2,59000,7387
160,Raheem,27,html,5,82000,8746
161,Josue,22,javascript,1,55000,8408
162,Jovan,22,vue,1,55000,8574
163,Sawyer,26,react,3,69000,7246
164,Carl,24,css,3,65000,8232
165,Jerry,27,javascript,6,91000,9677
166,Alan,26,javascript,5,82000,8516
167,Randolph,28,vue,6,86000,8286
168,Sterling,22,react,1,50000,7523
169,Hugo,23,css,1,50000,8069
170,Daquan,27,css,6,86000,9610
171,Derrick,27,css,5,78000,9581
172,Jay,27,vue,6,89000,8215
173,Octavio,26,css,5,79000,9518
174,Aiden,22,django,1,50000,8865
175,Kyle,25,vue,3,69000,7860
176,Cole,28,react,5,84000,7391
177,Ty,27,react,6,91000,9732
178,Moses,27,css,5,79000,9122
179,Barry,25,javascript,3,67000,9155
180,Karson,25,django,4,72000,8196
181,Ayden,25,javascript,4,74000,9759
182,Edward,27,css,4,71000,9712
183,Jaron,24,html,3,69000,7538
184,Mike,24,html,1,53000,9264
185,Donovan,22,react,1,52000,8434
186,Everett,26,django,4,74000,9184
187,Sam,26,css,5,78000,7568
188,King,29,react,6,86000,8612
189,Dwight,27,react,4,76000,8850
190,Ezekiel,29,react,6,88000,7984
191,Terry,24,css,3,69000,8880
192,Perry,24,vue,2,59000,7805
193,Elvis,27,django,6,88000,7680
194,Marquis,24,css,1,52000,7969
195,Bronson,28,css,6,86000,7672
196,Jamaal,25,css,2,59000,9729
197,Gael,26,html,3,62000,9764
198,Ryker,26,django,4,71000,7940
199,Julien,25,django,3,69000,7348
200,Bryson,24,vue,2,57000,9134
201,Dusty,23,html,2,61000,9534
202,Hugh,23,javascript,1,52000,8111
203,Matthew,24,css,1,52000,9017
204,Jean,27,react,6,88000,9495
205,Quinten,25,django,4,71000,8878
206,Troy,24,html,3,67000,7851
207,Devon,27,javascript,6,88000,9106
208,Keenan,26,react,5,77000,9926
209,Cash,24,react,2,57000,9937
210,Neil,29,html,6,90000,7322
211,Courtney,24,vue,3,63000,8989
212,Otis,29,html,6,86000,7531
213,Terrence,25,react,3,67000,8390
214,Willie,23,react,1,50000,9273
215,Braiden,25,vue,3,63000,9281
216,Donald,25,css,3,66000,9522
217,Nikolas,29,javascript,6,89000,9091
218,Devonte,22,css,1,53000,9973
219,Harrison,23,vue,2,56000,8925
220,Fredrick,23,django,2,61000,7594
221,Andres,24,javascript,3,64000,9235
222,Hunter,25,html,3,65000,9316
223,Ronald,29,django,6,85000,9805
224,Jacoby,23,react,2,59000,7209
225,Terrance,29,html,6,90000,8616
226,Ryan,25,django,4,70000,7678
227,Steven,28,django,6,86000,7600
228,Dashawn,24,javascript,3,64000,9007
229,Adriel,25,css,2,59000,9201
230,Kristopher,28,vue,5,79000,8751
231,Nash,23,css,1,51000,9611
232,Elijah,27,javascript,4,73000,7227
233,Vernon,29,css,6,88000,7024
234,Kai,22,react,1,53000,8998
235,Brock,25,html,4,70000,9115
236,Rohan,25,react,3,63000,7332
237,Kellen,26,django,3,63000,8250
238,Braylen,25,javascript,2,57000,8618
239,Jonas,27,html,6,89000,8403
240,Noah,27,html,4,71000,8654
241,Tom,26,vue,4,74000,8946
242,Harry,23,react,1,50000,7988
243,Oscar,25,vue,3,64000,7709
244,Dallas,27,javascript,5,82000,7655
245,Alonzo,29,html,6,87000,7043
246,Coby,26,react,4,70000,8797
247,Dennis,24,django,3,66000,7856
248,Erin,29,css,6,87000,7025
249,Mekhi,24,vue,3,66000,7102
250,Franklin,24,javascript,3,66000,9467
251,Brody,28,javascript,6,85000,7596
252,Eddie,22,vue,1,54000,9168
253,Grady,29,css,6,86000,8082
254,Jamar,27,css,4,73000,9128
255,Jamel,24,vue,1,50000,7636
256,Jaxon,25,django,3,68000,9214
257,Markus,25,vue,3,65000,9033
258,Raphael,28,vue,6,91000,8352
259,Bret,27,react,5,77000,9538
260,Damian,24,vue,3,67000,7688
261,Steve,24,javascript,2,60000,7503
262,Stuart,25,javascript,3,62000,9537
263,Alberto,25,django,4,70000,9361
264,Devan,25,react,2,59000,7900
265,Quinn,26,css,3,62000,7224
266,Josef,27,react,4,70000,8893
267,Heriberto,22,react,1,52000,7111
268,Mikel,24,css,1,51000,7218
269,Randy,24,css,2,60000,7588
270,Esteban,25,react,4,73000,7511
271,Rick,29,django,6,89000,8782
272,Benjamin,27,react,6,89000,7560
273,Jamari,25,css,2,60000,9865
274,Ervin,23,css,1,55000,8149
275,Payton,23,react,2,60000,7091
276,Ronnie,24,javascript,1,54000,7799
277,Finn,27,css,6,87000,7638
278,Korey,28,javascript,6,88000,9183
279,Skylar,26,css,3,66000,9390
280,Frankie,29,css,6,89000,8662
281,Aron,25,javascript,4,72000,7572
282,Marquise,27,javascript,4,72000,8397
283,Wade,29,django,6,88000,7427
284,Humberto,26,css,4,71000,9952
285,Addison,27,javascript,4,70000,7835
286,Reece,26,html,3,67000,9938
287,Ira,24,css,1,51000,7334
288,Douglas,26,vue,3,65000,7788
289,Julio,27,css,5,77000,8220
290,Quentin,28,css,6,90000,9104
291,Jaylin,28,javascript,5,78000,7036
292,Waylon,27,css,4,75000,7133
293,Winston,23,css,2,59000,7308
294,Mason,29,javascript,6,86000,9542
295,Aldo,27,css,5,83000,9499
296,Darien,27,vue,5,82000,8336
297,Camron,25,javascript,2,56000,9834
298,Loren,29,django,6,87000,8755
299,Charlie,25,css,3,64000,8814
300,Kaleb,25,html,2,57000,7174
